[{"tahun":"2017","type_operasi":"ZONASI","daerah_operasi":"ZONA 9","area_operasi":"ZONASI TERMINAL KALIDERES - KAMAL","jumlah_bus":175,"jumlah_penumpang":423380,"bulan":"september"},{"tahun":"2018","type_operasi":"ZONASI","daerah_operasi":"ZONA 9","area_operasi":"ZONASI TERMINAL KALIDERES - KAMAL","jumlah_bus":175,"jumlah_penumpang":423380,"bulan":"september"},{"tahun":"2019","type_operasi":"ZONASI","daerah_operasi":"ZONASI 13","area_operasi":"ZONASI TERMINAL KALIDERES - KAMAL","jumlah_bus":183,"jumlah_penumpang":45769,"bulan":"september"}]